_id,code_value,code,code_list_name,code_name,create_or_change_date,is_popular,definition
65dc387e77514c3bbd3bea68,1,HAC,Hotel Amenity Code,24-hour front desk,2003-06-01T00:00:00.000Z,true,
65dc387e77514c3bbd3bea69,2,HAC,Hotel Amenity Code,24-hour room service,2003-06-01T00:00:00.000Z,false,
65dc387e77514c3bbd3bea6a,3,HAC,Hotel Amenity Code,24-hour security,2003-06-01T00:00:00.000Z,false,
65dc387e77514c3bbd3bea6b,4,HAC,Hotel Amenity Code,Adjoining rooms,2003-06-01T00:00:00.000Z,false,
65dc387e77514c3bbd3bea6c,5,HAC,Hotel Amenity Code,Air conditioning,2003-06-01T00:00:00.000Z,false,
65dc387e77514c3bbd3bea6d,6,HAC,Hotel Amenity Code,Airline desk,2003-06-01T00:00:00.000Z,false,
65dc387e77514c3bbd3bea6e,7,HAC,Hotel Amenity Code,ATM/Cash machine,2003-06-01T00:00:00.000Z,false,
65dc387e77514c3bbd3bea6f,8,HAC,Hotel Amenity Code,Baby sitting,2003-06-01T00:00:00.000Z,false,
65dc387e77514c3bbd3bea70,9,HAC,Hotel Amenity Code,BBQ/Picnic area,2003-06-01T00:00:00.000Z,false,
65dc387e77514c3bbd3bea71,10,HAC,Hotel Amenity Code,Bilingual staff,2003-06-01T00:00:00.000Z,false,
65dc387e77514c3bbd3bea72,11,HAC,Hotel Amenity Code,Bookstore,2003-06-01T00:00:00.000Z,false,
65dc387e77514c3bbd3bea73,12,HAC,Hotel Amenity Code,Boutiques/stores,2003-06-01T00:00:00.000Z,false,
65dc387e77514c3bbd3bea74,13,HAC,Hotel Amenity Code,Brailed elevators,2003-06-01T00:00:00.000Z,false,
65dc387e77514c3bbd3bea75,14,HAC,Hotel Amenity Code,Business library,2003-06-01T00:00:00.000Z,false,
65dc387e77514c3bbd3bea76,15,HAC,Hotel Amenity Code,Car rental desk,2003-06-01T00:00:00.000Z,false,
65dc387e77514c3bbd3bea77,16,HAC,Hotel Amenity Code,Casino,2003-06-01T00:00:00.000Z,false,
65dc387e77514c3bbd3bea78,17,HAC,Hotel Amenity Code,Check cashing policy,2003-06-01T00:00:00.000Z,false,
65dc387e77514c3bbd3bea79,18,HAC,Hotel Amenity Code,Check-in kiosk,2003-06-01T00:00:00.000Z,false,
65dc387e77514c3bbd3bea7a,19,HAC,Hotel Amenity Code,Cocktail lounge,2003-06-01T00:00:00.000Z,false,
65dc387e77514c3bbd3bea7b,20,HAC,Hotel Amenity Code,Coffee shop,2003-06-01T00:00:00.000Z,false,
65dc387e77514c3bbd3bea7c,21,HAC,Hotel Amenity Code,Coin operated laundry,2003-06-01T00:00:00.000Z,false,
65dc387e77514c3bbd3bea7d,22,HAC,Hotel Amenity Code,Concierge desk,2003-06-01T00:00:00.000Z,true,
65dc387e77514c3bbd3bea7e,23,HAC,Hotel Amenity Code,Concierge floor,2003-06-01T00:00:00.000Z,false,
65dc387e77514c3bbd3bea7f,24,HAC,Hotel Amenity Code,Conference facilities,2003-06-01T00:00:00.000Z,false,
65dc387e77514c3bbd3bea80,25,HAC,Hotel Amenity Code,Courtyard,2003-06-01T00:00:00.000Z,false,
65dc387e77514c3bbd3bea81,26,HAC,Hotel Amenity Code,Currency exchange,2003-06-01T00:00:00.000Z,false,
65dc387e77514c3bbd3bea82,27,HAC,Hotel Amenity Code,Desk with electrical outlet,2003-06-01T00:00:00.000Z,false,
65dc387e77514c3bbd3bea83,28,HAC,Hotel Amenity Code,Doctor on call,2003-06-01T00:00:00.000Z,false,
65dc387e77514c3bbd3bea84,29,HAC,Hotel Amenity Code,Door man,2003-06-01T00:00:00.000Z,false,
65dc387e77514c3bbd3bea8d,30,HAC,Hotel Amenity Code,Driving range,2003-06-01T00:00:00.000Z,false,
65dc387e77514c3bbd3bea8e,31,HAC,Hotel Amenity Code,Drugstore/pharmacy,2003-06-01T00:00:00.000Z,false,
65dc387e77514c3bbd3bea8f,32,HAC,Hotel Amenity Code,Duty free shop,2003-06-01T00:00:00.000Z,false,
65dc387e77514c3bbd3bea90,33,HAC,Hotel Amenity Code,Elevators,2003-06-01T00:00:00.000Z,true,
65dc387e77514c3bbd3bea91,34,HAC,Hotel Amenity Code,Executive floor,2003-06-01T00:00:00.000Z,false,
65dc387e77514c3bbd3bea92,35,HAC,Hotel Amenity Code,Exercise gym,2003-06-01T00:00:00.000Z,false,
65dc387e77514c3bbd3bea93,36,HAC,Hotel Amenity Code,Express check-in,2003-06-01T00:00:00.000Z,false,
65dc387e77514c3bbd3bea94,37,HAC,Hotel Amenity Code,Express check-out,2003-06-01T00:00:00.000Z,false,
65dc387e77514c3bbd3bea95,38,HAC,Hotel Amenity Code,Family plan,2003-06-01T00:00:00.000Z,false,
65dc387e77514c3bbd3bea96,39,HAC,Hotel Amenity Code,Florist,2003-06-01T00:00:00.000Z,false,
65dc387e77514c3bbd3bea97,40,HAC,Hotel Amenity Code,Folios,2003-06-01T00:00:00.000Z,false,
65dc387e77514c3bbd3bea98,41,HAC,Hotel Amenity Code,Free airport shuttle,2003-06-01T00:00:00.000Z,false,
65dc387e77514c3bbd3bea99,42,HAC,Hotel Amenity Code,Free parking,2003-06-01T00:00:00.000Z,false,
65dc387e77514c3bbd3bea9a,43,HAC,Hotel Amenity Code,Free transportation,2003-06-01T00:00:00.000Z,false,
65dc387e77514c3bbd3bea9b,44,HAC,Hotel Amenity Code,Game room,2003-06-01T00:00:00.000Z,false,
65dc387e77514c3bbd3bea9c,45,HAC,Hotel Amenity Code,Gift/News stand,2003-06-01T00:00:00.000Z,false,
65dc387e77514c3bbd3bea9d,46,HAC,Hotel Amenity Code,Hairdresser/barber,2003-06-01T00:00:00.000Z,false,
65dc387e77514c3bbd3bea9e,47,HAC,Hotel Amenity Code,Accessible facilities,2003-06-01T00:00:00.000Z,false,
65dc387e77514c3bbd3bea9f,48,HAC,Hotel Amenity Code,Health club,2003-06-01T00:00:00.000Z,false,
65dc387e77514c3bbd3beaa0,49,HAC,Hotel Amenity Code,Heated pool,2003-06-01T00:00:00.000Z,false,
65dc387e77514c3bbd3beaa1,50,HAC,Hotel Amenity Code,Housekeeping - daily,2003-06-01T00:00:00.000Z,false,
65dc387e77514c3bbd3beaa2,51,HAC,Hotel Amenity Code,Housekeeping - weekly,2003-06-01T00:00:00.000Z,false,
65dc387e77514c3bbd3beaa3,52,HAC,Hotel Amenity Code,Ice machine,2003-06-01T00:00:00.000Z,false,
65dc387e77514c3bbd3beaa4,53,HAC,Hotel Amenity Code,Indoor parking,2003-06-01T00:00:00.000Z,false,
65dc387e77514c3bbd3beaa5,54,HAC,Hotel Amenity Code,Indoor pool,2003-06-01T00:00:00.000Z,false,
65dc387e77514c3bbd3beaa6,55,HAC,Hotel Amenity Code,Jacuzzi,2003-06-01T00:00:00.000Z,false,
65dc387e77514c3bbd3beaa7,56,HAC,Hotel Amenity Code,Jogging track,2003-06-01T00:00:00.000Z,false,
65dc387e77514c3bbd3beaa8,57,HAC,Hotel Amenity Code,Kennels,2003-06-01T00:00:00.000Z,false,
65dc387e77514c3bbd3beaa9,58,HAC,Hotel Amenity Code,Laundry/Valet service,2003-06-01T00:00:00.000Z,true,
65dc387e77514c3bbd3beaaa,59,HAC,Hotel Amenity Code,Liquor store,2003-06-01T00:00:00.000Z,false,
65dc387e77514c3bbd3beaab,60,HAC,Hotel Amenity Code,Live entertainment,2003-06-01T00:00:00.000Z,false,
65dc387e77514c3bbd3beaac,61,HAC,Hotel Amenity Code,Massage services,2003-06-01T00:00:00.000Z,false,
65dc387e77514c3bbd3beaad,62,HAC,Hotel Amenity Code,Nightclub,2003-06-01T00:00:00.000Z,false,
65dc387e77514c3bbd3beaae,63,HAC,Hotel Amenity Code,Off-Site parking,2003-06-01T00:00:00.000Z,false,
65dc387e77514c3bbd3beaaf,64,HAC,Hotel Amenity Code,On-Site parking,2003-06-01T00:00:00.000Z,false,
65dc387e77514c3bbd3beab0,65,HAC,Hotel Amenity Code,Outdoor parking,2003-06-01T00:00:00.000Z,false,
65dc387e77514c3bbd3beab1,66,HAC,Hotel Amenity Code,Outdoor pool,2003-06-01T00:00:00.000Z,true,
65dc387e77514c3bbd3beab2,67,HAC,Hotel Amenity Code,Package/Parcel services,2003-06-01T00:00:00.000Z,false,
65dc387e77514c3bbd3beab3,68,HAC,Hotel Amenity Code,Parking,2003-06-01T00:00:00.000Z,true,
65dc387e77514c3bbd3beab4,69,HAC,Hotel Amenity Code,Photocopy center,2003-06-01T00:00:00.000Z,false,
65dc387e77514c3bbd3beab5,70,HAC,Hotel Amenity Code,Playground,2003-06-01T00:00:00.000Z,false,
65dc387e77514c3bbd3beab6,71,HAC,Hotel Amenity Code,Pool,2003-06-01T00:00:00.000Z,false,
65dc387e77514c3bbd3beab7,72,HAC,Hotel Amenity Code,Poolside snack bar,2003-06-01T00:00:00.000Z,false,
65dc387e77514c3bbd3beab8,73,HAC,Hotel Amenity Code,Public address system,2003-06-01T00:00:00.000Z,false,
65dc387e77514c3bbd3beab9,74,HAC,Hotel Amenity Code,Ramp access,2003-06-01T00:00:00.000Z,false,
65dc387e77514c3bbd3beaba,75,HAC,Hotel Amenity Code,Recreational vehicle parking,2003-06-01T00:00:00.000Z,false,
65dc387e77514c3bbd3beabb,76,HAC,Hotel Amenity Code,Restaurant,2003-06-01T00:00:00.000Z,false,
65dc387e77514c3bbd3beabc,77,HAC,Hotel Amenity Code,Room service,2003-06-01T00:00:00.000Z,false,
65dc387e77514c3bbd3beabd,78,HAC,Hotel Amenity Code,Safe deposit box,2003-06-01T00:00:00.000Z,true,
65dc387e77514c3bbd3beabe,79,HAC,Hotel Amenity Code,Sauna,2003-06-01T00:00:00.000Z,false,
65dc387e77514c3bbd3beabf,80,HAC,Hotel Amenity Code,Security,2003-06-01T00:00:00.000Z,false,
65dc387e77514c3bbd3beac0,81,HAC,Hotel Amenity Code,Shoe shine stand,2003-06-01T00:00:00.000Z,false,
65dc387e77514c3bbd3beac1,82,HAC,Hotel Amenity Code,Shopping mall,2003-06-01T00:00:00.000Z,false,
65dc387e77514c3bbd3beac2,83,HAC,Hotel Amenity Code,Solarium,2003-06-01T00:00:00.000Z,false,
65dc387e77514c3bbd3beac3,84,HAC,Hotel Amenity Code,Spa,2003-06-01T00:00:00.000Z,false,
65dc387e77514c3bbd3beac4,85,HAC,Hotel Amenity Code,Sports bar,2003-06-01T00:00:00.000Z,false,
65dc387e77514c3bbd3beac5,86,HAC,Hotel Amenity Code,Steam bath,2003-06-01T00:00:00.000Z,false,
65dc387e77514c3bbd3beac6,87,HAC,Hotel Amenity Code,Storage space,2003-06-01T00:00:00.000Z,false,
65dc387e77514c3bbd3beac7,88,HAC,Hotel Amenity Code,Sundry/Convenience store,2003-06-01T00:00:00.000Z,false,
65dc387e77514c3bbd3beac8,89,HAC,Hotel Amenity Code,Technical concierge,2003-06-01T00:00:00.000Z,false,
65dc387e77514c3bbd3beac9,90,HAC,Hotel Amenity Code,Theatre desk,2003-06-01T00:00:00.000Z,false,
65dc387e77514c3bbd3beaca,91,HAC,Hotel Amenity Code,Tour/sightseeing desk,2003-06-01T00:00:00.000Z,false,
65dc387e77514c3bbd3beacb,92,HAC,Hotel Amenity Code,Translation services,2003-06-01T00:00:00.000Z,false,
65dc387e77514c3bbd3beacc,93,HAC,Hotel Amenity Code,Travel agency,2003-06-01T00:00:00.000Z,false,
65dc387e77514c3bbd3beacd,94,HAC,Hotel Amenity Code,Truck parking,2003-06-01T00:00:00.000Z,false,
65dc387e77514c3bbd3beace,95,HAC,Hotel Amenity Code,Valet cleaning,2003-06-01T00:00:00.000Z,false,
65dc387e77514c3bbd3beacf,96,HAC,Hotel Amenity Code,Dry cleaning,2005-11-07T00:00:00.000Z,false,
65dc387e77514c3bbd3bead0,97,HAC,Hotel Amenity Code,Valet parking ,2003-06-01T00:00:00.000Z,false,
65dc387e77514c3bbd3bead1,98,HAC,Hotel Amenity Code,Vending machines,2003-06-01T00:00:00.000Z,false,
65dc387e77514c3bbd3bead2,99,HAC,Hotel Amenity Code,Video tapes,2003-06-01T00:00:00.000Z,false,
65dc387e77514c3bbd3bead3,100,HAC,Hotel Amenity Code,Wakeup service,2003-06-01T00:00:00.000Z,false,
65dc387e77514c3bbd3bead8,101,HAC,Hotel Amenity Code,Wheelchair access,2011-09-29T00:00:00.000Z,false,Changed from Wheel chair access
65dc387e77514c3bbd3bead9,102,HAC,Hotel Amenity Code,Whirlpool,2003-06-01T00:00:00.000Z,false,
65dc387e77514c3bbd3beada,103,HAC,Hotel Amenity Code,Multilingual staff,2003-06-01T00:00:00.000Z,false,
65dc387e77514c3bbd3beadb,104,HAC,Hotel Amenity Code,Wedding services,2003-06-01T00:00:00.000Z,false,
65dc387e77514c3bbd3beadc,105,HAC,Hotel Amenity Code,Banquet facilities,2003-06-01T00:00:00.000Z,false,
65dc387e77514c3bbd3beadd,106,HAC,Hotel Amenity Code,Bell staff/porter,2003-06-01T00:00:00.000Z,false,
65dc387e77514c3bbd3beade,107,HAC,Hotel Amenity Code,Beauty shop/salon,2003-06-01T00:00:00.000Z,false,
65dc387e77514c3bbd3beadf,108,HAC,Hotel Amenity Code,Complimentary self service laundry,2003-06-01T00:00:00.000Z,false,
65dc387e77514c3bbd3beae0,109,HAC,Hotel Amenity Code,Direct dial telephone,2003-06-01T00:00:00.000Z,false,
65dc387e77514c3bbd3beae1,110,HAC,Hotel Amenity Code,Female traveler room/floor,2003-06-01T00:00:00.000Z,false,
65dc387e77514c3bbd3beae2,111,HAC,Hotel Amenity Code,Pharmacy,2003-06-01T00:00:00.000Z,false,
65dc387e77514c3bbd3beae3,112,HAC,Hotel Amenity Code,Stables,2003-06-01T00:00:00.000Z,false,
65dc387e77514c3bbd3beae4,113,HAC,Hotel Amenity Code,120 AC,2003-06-01T00:00:00.000Z,false,
65dc387e77514c3bbd3beae5,114,HAC,Hotel Amenity Code,120 DC,2003-06-01T00:00:00.000Z,false,
65dc387e77514c3bbd3beae6,115,HAC,Hotel Amenity Code,220 AC,2003-06-01T00:00:00.000Z,false,
65dc387e77514c3bbd3beae7,116,HAC,Hotel Amenity Code,Accessible parking,2003-06-01T00:00:00.000Z,false,
65dc387e77514c3bbd3beae8,117,HAC,Hotel Amenity Code,220 DC,2003-06-01T00:00:00.000Z,false,
65dc387e77514c3bbd3beae9,118,HAC,Hotel Amenity Code,Barbeque grills,2003-06-01T00:00:00.000Z,false,
65dc387e77514c3bbd3beaea,119,HAC,Hotel Amenity Code,Women's clothing,2003-06-01T00:00:00.000Z,false,
65dc387e77514c3bbd3beaeb,120,HAC,Hotel Amenity Code,Men's clothing,2003-06-01T00:00:00.000Z,false,
65dc387e77514c3bbd3beaec,121,HAC,Hotel Amenity Code,Children's clothing,2003-06-01T00:00:00.000Z,false,
65dc387e77514c3bbd3beaed,122,HAC,Hotel Amenity Code,Shops and commercial services,2003-06-01T00:00:00.000Z,false,
65dc387e77514c3bbd3beaee,123,HAC,Hotel Amenity Code,Video games,2003-06-01T00:00:00.000Z,false,
65dc387e77514c3bbd3beaef,124,HAC,Hotel Amenity Code,Sports bar open for lunch,2003-06-01T00:00:00.000Z,false,
65dc387e77514c3bbd3beaf0,125,HAC,Hotel Amenity Code,Sports bar open for dinner,2003-06-01T00:00:00.000Z,false,
65dc387e77514c3bbd3beaf1,126,HAC,Hotel Amenity Code,Room service - full menu,2003-06-01T00:00:00.000Z,false,
65dc387e77514c3bbd3beaf2,127,HAC,Hotel Amenity Code,Room service - limited menu,2003-06-01T00:00:00.000Z,false,
65dc387e77514c3bbd3beaf3,128,HAC,Hotel Amenity Code,Room service - limited hours,2003-06-01T00:00:00.000Z,false,
65dc387e77514c3bbd3beaf4,129,HAC,Hotel Amenity Code,Valet same day dry cleaning,2003-06-01T00:00:00.000Z,false,
65dc387e77514c3bbd3beaf5,130,HAC,Hotel Amenity Code,Body scrub,2003-06-01T00:00:00.000Z,false,
65dc387e77514c3bbd3beaf6,131,HAC,Hotel Amenity Code,Body wrap,2003-06-01T00:00:00.000Z,false,
65dc387e77514c3bbd3beaf7,132,HAC,Hotel Amenity Code,Public area air conditioned,2003-06-01T00:00:00.000Z,false,
65dc387e77514c3bbd3beaf8,133,HAC,Hotel Amenity Code,Efolio available to company,2003-06-01T00:00:00.000Z,false,
65dc387e77514c3bbd3beaf9,134,HAC,Hotel Amenity Code,Individual Efolio available,2003-06-01T00:00:00.000Z,false,
65dc387e77514c3bbd3beafa,135,HAC,Hotel Amenity Code,Video review billing,2003-06-01T00:00:00.000Z,false,
65dc387e77514c3bbd3beafb,136,HAC,Hotel Amenity Code,Butler service,2003-06-01T00:00:00.000Z,false,
65dc387e77514c3bbd3beafc,137,HAC,Hotel Amenity Code,Complimentary in-room coffee or tea,2003-06-01T00:00:00.000Z,false,
65dc387e77514c3bbd3beafd,138,HAC,Hotel Amenity Code,Complimentary buffet breakfast,2003-06-01T00:00:00.000Z,false,
65dc387e77514c3bbd3beafe,139,HAC,Hotel Amenity Code,Complimentary cocktails,2003-06-01T00:00:00.000Z,false,
65dc387e77514c3bbd3beaff,140,HAC,Hotel Amenity Code,Complimentary coffee in lobby,2003-06-01T00:00:00.000Z,false,
65dc387e77514c3bbd3beb00,141,HAC,Hotel Amenity Code,Complimentary continental breakfast,2003-06-01T00:00:00.000Z,false,
65dc387e77514c3bbd3beb01,142,HAC,Hotel Amenity Code,Complimentary full american breakfast,2003-06-01T00:00:00.000Z,false,
65dc387e77514c3bbd3beb02,143,HAC,Hotel Amenity Code,Dinner delivery service from local restaurant,2003-06-01T00:00:00.000Z,false,
65dc387e77514c3bbd3beb03,144,HAC,Hotel Amenity Code,Complimentary newspaper delivered to room,2006-07-17T00:00:00.000Z,false,
65dc387e77514c3bbd3beb04,145,HAC,Hotel Amenity Code,Complimentary newspaper in lobby,2006-07-17T00:00:00.000Z,false,
65dc387e77514c3bbd3beb05,146,HAC,Hotel Amenity Code,Complimentary shoeshine,2006-07-17T00:00:00.000Z,false,
65dc387e77514c3bbd3beb06,147,HAC,Hotel Amenity Code,Evening reception,2003-06-01T00:00:00.000Z,false,
65dc387e77514c3bbd3beb07,148,HAC,Hotel Amenity Code,Front desk,2003-06-01T00:00:00.000Z,false,
65dc387e77514c3bbd3beb08,149,HAC,Hotel Amenity Code,Grocery shopping service available,2003-06-01T00:00:00.000Z,false,
65dc387e77514c3bbd3beb09,150,HAC,Hotel Amenity Code,Halal food available,2003-06-01T00:00:00.000Z,false,
65dc387e77514c3bbd3beb0a,151,HAC,Hotel Amenity Code,Kosher food available,2003-06-01T00:00:00.000Z,false,
65dc387e77514c3bbd3beb0b,152,HAC,Hotel Amenity Code,Limousine service,2003-06-01T00:00:00.000Z,false,
65dc387e77514c3bbd3beb0c,153,HAC,Hotel Amenity Code,Managers reception,2003-06-01T00:00:00.000Z,false,
65dc387e77514c3bbd3beb0d,154,HAC,Hotel Amenity Code,Medical Facilities Service,2003-06-01T00:00:00.000Z,false,
65dc387e77514c3bbd3beb0e,155,HAC,Hotel Amenity Code,Telephone jack adaptor available,2003-06-01T00:00:00.000Z,false,
65dc387e77514c3bbd3beb0f,156,HAC,Hotel Amenity Code,All-inclusive meal plan ,2003-06-01T00:00:00.000Z,false,
65dc387e77514c3bbd3beb18,157,HAC,Hotel Amenity Code,Buffet breakfast,2003-06-01T00:00:00.000Z,false,
65dc387e77514c3bbd3beb19,158,HAC,Hotel Amenity Code,Communal bar area,2003-06-01T00:00:00.000Z,false,
65dc387e77514c3bbd3beb1a,159,HAC,Hotel Amenity Code,Continental breakfast,2003-06-01T00:00:00.000Z,false,
65dc387e77514c3bbd3beb1b,160,HAC,Hotel Amenity Code,Full meal plan,2003-06-01T00:00:00.000Z,false,
65dc387e77514c3bbd3beb1c,161,HAC,Hotel Amenity Code,Full american breakfast,2003-06-01T00:00:00.000Z,false,
65dc387e77514c3bbd3beb1d,162,HAC,Hotel Amenity Code,Meal plan available,2003-06-01T00:00:00.000Z,false,
65dc387e77514c3bbd3beb1e,163,HAC,Hotel Amenity Code,Modified american meal plan,2003-06-01T00:00:00.000Z,false,
65dc387e77514c3bbd3beb20,164,HAC,Hotel Amenity Code,Food and beverage outlets,2003-06-01T00:00:00.000Z,false,
65dc387e77514c3bbd3beb25,165,HAC,Hotel Amenity Code,Lounges/bars,2003-06-01T00:00:00.000Z,false,
65dc387e77514c3bbd3beb26,166,HAC,Hotel Amenity Code,Barber shop,2003-12-01T00:00:00.000Z,false,
65dc387e77514c3bbd3beb27,167,HAC,Hotel Amenity Code,Video checkout,2003-12-01T00:00:00.000Z,false,
65dc387e77514c3bbd3beb28,168,HAC,Hotel Amenity Code,Onsite laundry,2003-12-01T00:00:00.000Z,false,
65dc387e77514c3bbd3beb29,169,HAC,Hotel Amenity Code,24-hour food & beverage kiosk,2003-12-01T00:00:00.000Z,false,
65dc387e77514c3bbd3beb2a,170,HAC,Hotel Amenity Code,Concierge lounge,2004-05-14T00:00:00.000Z,false,
65dc387e77514c3bbd3beb2b,171,HAC,Hotel Amenity Code,Parking fee managed by hotel,2004-05-14T00:00:00.000Z,false,
65dc387e77514c3bbd3beb2c,172,HAC,Hotel Amenity Code,Transportation,2004-10-04T00:00:00.000Z,false,
65dc387e77514c3bbd3beb2d,173,HAC,Hotel Amenity Code,Breakfast served in restaurant,2004-10-04T00:00:00.000Z,false,
65dc387e77514c3bbd3beb2e,174,HAC,Hotel Amenity Code,Lunch served in restaurant,2004-10-04T00:00:00.000Z,false,
65dc387e77514c3bbd3beb2f,175,HAC,Hotel Amenity Code,Dinner served in restaurant,2004-10-04T00:00:00.000Z,false,
65dc387e77514c3bbd3beb30,176,HAC,Hotel Amenity Code,Full service housekeeping,2004-10-04T00:00:00.000Z,false,
65dc387e77514c3bbd3beb31,177,HAC,Hotel Amenity Code,Limited service housekeeping,2004-10-04T00:00:00.000Z,false,
65dc387e77514c3bbd3beb32,178,HAC,Hotel Amenity Code,High speed internet access for laptop in public areas,2004-10-04T00:00:00.000Z,false,
65dc387e77514c3bbd3beb33,179,HAC,Hotel Amenity Code,Wireless internet connection in public areas,2004-10-04T00:00:00.000Z,true,
65dc387e77514c3bbd3beb34,180,HAC,Hotel Amenity Code,Additional services/amenities/facilities on property,2004-10-04T00:00:00.000Z,false,
65dc387e77514c3bbd3beb35,181,HAC,Hotel Amenity Code,Transportation services - local area,2004-10-04T00:00:00.000Z,false,
65dc387e77514c3bbd3beb36,182,HAC,Hotel Amenity Code,Transportation services - local office,2004-10-04T00:00:00.000Z,false,
65dc387e77514c3bbd3beb37,183,HAC,Hotel Amenity Code,DVD/video rental,2005-06-01T00:00:00.000Z,false,
65dc387e77514c3bbd3beb38,184,HAC,Hotel Amenity Code,Parking lot,2004-10-18T00:00:00.000Z,false,
65dc387e77514c3bbd3beb39,185,HAC,Hotel Amenity Code,Parking deck,2004-10-18T00:00:00.000Z,false,
65dc387e77514c3bbd3beb3a,186,HAC,Hotel Amenity Code,Street side parking,2004-10-18T00:00:00.000Z,false,
65dc387e77514c3bbd3beb3b,187,HAC,Hotel Amenity Code,Cocktail lounge with entertainment,2005-01-04T00:00:00.000Z,false,
65dc387e77514c3bbd3beb3c,188,HAC,Hotel Amenity Code,Cocktail lounge with light fare,2005-01-04T00:00:00.000Z,false,
65dc387e77514c3bbd3beb3d,189,HAC,Hotel Amenity Code,Motorcycle parking,2005-01-04T00:00:00.000Z,false,
65dc387e77514c3bbd3beb3e,190,HAC,Hotel Amenity Code,Phone services,2005-03-24T00:00:00.000Z,false,
65dc387e77514c3bbd3beb3f,191,HAC,Hotel Amenity Code,Ballroom,2005-03-24T00:00:00.000Z,false,
65dc387e77514c3bbd3beb40,192,HAC,Hotel Amenity Code,Bus parking,2005-03-24T00:00:00.000Z,false,
65dc387e77514c3bbd3beb41,193,HAC,Hotel Amenity Code,Children's play area,2005-03-24T00:00:00.000Z,false,
65dc387e77514c3bbd3beb42,194,HAC,Hotel Amenity Code,Children's nursery,2005-03-24T00:00:00.000Z,false,
65dc387e77514c3bbd3beb43,195,HAC,Hotel Amenity Code,Disco,2005-03-24T00:00:00.000Z,false,
65dc387e77514c3bbd3beb44,196,HAC,Hotel Amenity Code,Early check-in,2005-03-24T00:00:00.000Z,false,
65dc387e77514c3bbd3beb45,197,HAC,Hotel Amenity Code,Locker room,2005-03-24T00:00:00.000Z,false,
65dc387e77514c3bbd3beb46,198,HAC,Hotel Amenity Code,Non-smoking rooms (generic),2005-03-24T00:00:00.000Z,true,
65dc387e77514c3bbd3beb47,199,HAC,Hotel Amenity Code,Train access,2005-03-24T00:00:00.000Z,false,
65dc387e77514c3bbd3beb48,200,HAC,Hotel Amenity Code,Aerobics instruction,2005-03-24T00:00:00.000Z,false,
65dc387e77514c3bbd3beb49,201,HAC,Hotel Amenity Code,Baggage hold,2005-03-24T00:00:00.000Z,false,
65dc387e77514c3bbd3beb4a,202,HAC,Hotel Amenity Code,Bicycle rentals,2005-03-24T00:00:00.000Z,false,
65dc387e77514c3bbd3beb4b,203,HAC,Hotel Amenity Code,Dietician,2005-03-24T00:00:00.000Z,false,
65dc387e77514c3bbd3beb4c,204,HAC,Hotel Amenity Code,Late check-out available,2005-03-24T00:00:00.000Z,false,
65dc387e77514c3bbd3beb4d,205,HAC,Hotel Amenity Code,Pet-sitting services,2005-03-24T00:00:00.000Z,false,
65dc387e77514c3bbd3beb4e,206,HAC,Hotel Amenity Code,Prayer mats,2005-03-24T00:00:00.000Z,false,
65dc387e77514c3bbd3beb4f,207,HAC,Hotel Amenity Code,Sports trainer,2005-03-24T00:00:00.000Z,false,
65dc387e77514c3bbd3beb50,208,HAC,Hotel Amenity Code,Turndown service,2005-03-24T00:00:00.000Z,false,
65dc387e77514c3bbd3beb51,209,HAC,Hotel Amenity Code,DVDs/videos - children,2005-03-24T00:00:00.000Z,false,
65dc387e77514c3bbd3beb52,210,HAC,Hotel Amenity Code,Bank,2005-03-24T00:00:00.000Z,false,
65dc387e77514c3bbd3beb53,211,HAC,Hotel Amenity Code,Lobby coffee service,2005-03-24T00:00:00.000Z,false,
65dc387e77514c3bbd3beb54,212,HAC,Hotel Amenity Code,Banking services,2005-03-24T00:00:00.000Z,false,
65dc387e77514c3bbd3beb55,213,HAC,Hotel Amenity Code,Stairwells,2005-04-18T00:00:00.000Z,false,
65dc387e77514c3bbd3beb56,214,HAC,Hotel Amenity Code,Pet amenities available,2005-05-18T00:00:00.000Z,false,
65dc387e77514c3bbd3beb57,215,HAC,Hotel Amenity Code,Exhibition/convention floor,2005-06-01T00:00:00.000Z,false,
65dc387e77514c3bbd3beb58,216,HAC,Hotel Amenity Code,Long term parking,2005-07-29T00:00:00.000Z,false,
65dc387e77514c3bbd3beb59,217,HAC,Hotel Amenity Code,Children not allowed,2005-09-16T00:00:00.000Z,false,
65dc387e77514c3bbd3beb5a,218,HAC,Hotel Amenity Code,Children welcome,2005-09-17T00:00:00.000Z,false,
65dc387e77514c3bbd3beb5b,219,HAC,Hotel Amenity Code,Courtesy car,2005-09-18T00:00:00.000Z,false,
65dc387e77514c3bbd3beb5c,220,HAC,Hotel Amenity Code,Hotel does not provide pornographic films/TV,2005-09-19T00:00:00.000Z,false,
65dc387e77514c3bbd3beb5d,221,HAC,Hotel Amenity Code,Hotspots,2005-09-20T00:00:00.000Z,false,
65dc387e77514c3bbd3beb5e,222,HAC,Hotel Amenity Code,Free high speed internet connection,2005-09-21T00:00:00.000Z,false,
65dc387e77514c3bbd3beb5f,223,HAC,Hotel Amenity Code,Internet services,2005-09-22T00:00:00.000Z,true,
65dc387e77514c3bbd3beb60,224,HAC,Hotel Amenity Code,Pets allowed,2005-09-23T00:00:00.000Z,false,
65dc387e77514c3bbd3beb61,225,HAC,Hotel Amenity Code,Gourmet highlights,2005-09-24T00:00:00.000Z,false,
65dc387e77514c3bbd3beb62,226,HAC,Hotel Amenity Code,Catering services,2005-09-25T00:00:00.000Z,false,
65dc387e77514c3bbd3beb63,227,HAC,Hotel Amenity Code,Complimentary breakfast,2005-11-07T00:00:00.000Z,false,
65dc387e77514c3bbd3beb64,228,HAC,Hotel Amenity Code,Business center,2006-01-24T00:00:00.000Z,false,
65dc387e77514c3bbd3beb6a,229,HAC,Hotel Amenity Code,Business services,2006-01-24T00:00:00.000Z,false,
65dc387e77514c3bbd3beb6b,230,HAC,Hotel Amenity Code,Secured parking,2006-01-24T00:00:00.000Z,false,
65dc387e77514c3bbd3beb6c,231,HAC,Hotel Amenity Code,Racquetball,2006-01-24T00:00:00.000Z,false,
65dc387e77514c3bbd3beb6d,232,HAC,Hotel Amenity Code,Snow sports,2006-01-24T00:00:00.000Z,false,
65dc387e77514c3bbd3beb6e,233,HAC,Hotel Amenity Code,Tennis court,2006-01-24T00:00:00.000Z,false,
65dc387e77514c3bbd3beb6f,234,HAC,Hotel Amenity Code,Water sports,2006-01-24T00:00:00.000Z,false,
65dc387e77514c3bbd3beb70,235,HAC,Hotel Amenity Code,Child programs,2006-01-24T00:00:00.000Z,false,
65dc387e77514c3bbd3beb71,236,HAC,Hotel Amenity Code,Golf,2006-01-24T00:00:00.000Z,false,
65dc387e77514c3bbd3beb72,237,HAC,Hotel Amenity Code,Horseback riding,2006-01-24T00:00:00.000Z,false,
65dc387e77514c3bbd3beb73,238,HAC,Hotel Amenity Code,Oceanfront,2006-01-24T00:00:00.000Z,false,
65dc387e77514c3bbd3beb74,239,HAC,Hotel Amenity Code,Beachfront,2006-01-24T00:00:00.000Z,false,
65dc387e77514c3bbd3beb75,240,HAC,Hotel Amenity Code,Hair dryer,2006-01-24T00:00:00.000Z,false,
65dc387e77514c3bbd3beb76,241,HAC,Hotel Amenity Code,Ironing board,2006-01-24T00:00:00.000Z,false,
65dc387e77514c3bbd3beb77,242,HAC,Hotel Amenity Code,Heated guest rooms,2006-02-07T00:00:00.000Z,false,
65dc387e77514c3bbd3beb78,243,HAC,Hotel Amenity Code,Toilet,2006-02-07T00:00:00.000Z,false,
65dc387e77514c3bbd3beb79,244,HAC,Hotel Amenity Code,Parlor,2006-02-07T00:00:00.000Z,false,
65dc387e77514c3bbd3beb7a,245,HAC,Hotel Amenity Code,Video game player,2006-02-08T00:00:00.000Z,false,
65dc387e77514c3bbd3beb7b,246,HAC,Hotel Amenity Code,Thalassotherapy,2006-03-10T00:00:00.000Z,false,
65dc387e77514c3bbd3beb7c,247,HAC,Hotel Amenity Code,Private dining for groups,2006-04-07T00:00:00.000Z,false,
65dc387e77514c3bbd3beb7d,248,HAC,Hotel Amenity Code,Hearing impaired services,2006-04-11T00:00:00.000Z,false,
65dc387e77514c3bbd3beb7e,249,HAC,Hotel Amenity Code,Carryout breakfast,2006-07-17T00:00:00.000Z,false,
65dc387e77514c3bbd3beb7f,250,HAC,Hotel Amenity Code,Deluxe continental breakfast,2006-07-17T00:00:00.000Z,false,
65dc387e77514c3bbd3beb80,251,HAC,Hotel Amenity Code,Hot continental breakfast,2006-07-17T00:00:00.000Z,false,
65dc387e77514c3bbd3beb81,252,HAC,Hotel Amenity Code,Hot breakfast,2006-07-17T00:00:00.000Z,false,
65dc387e77514c3bbd3beb82,253,HAC,Hotel Amenity Code,Private pool,2006-07-17T00:00:00.000Z,false,
65dc387e77514c3bbd3beb83,254,HAC,Hotel Amenity Code,Connecting rooms,2006-08-07T00:00:00.000Z,false,
65dc387e77514c3bbd3beb84,255,HAC,Hotel Amenity Code,Data port,2006-08-07T00:00:00.000Z,false,
65dc387e77514c3bbd3beb85,256,HAC,Hotel Amenity Code,Exterior corridors,2006-08-07T00:00:00.000Z,false,
65dc387e77514c3bbd3beb86,257,HAC,Hotel Amenity Code,Gulf view,2006-08-07T00:00:00.000Z,false,
65dc387e77514c3bbd3beb87,258,HAC,Hotel Amenity Code,Accessible rooms,2011-09-29T00:00:00.000Z,false,Changed from Handicapped Rooms
65dc387e77514c3bbd3beb88,259,HAC,Hotel Amenity Code,High speed internet access,2006-08-07T00:00:00.000Z,false,
65dc387e77514c3bbd3beb89,260,HAC,Hotel Amenity Code,Interior corridors,2006-08-07T00:00:00.000Z,false,
65dc387e77514c3bbd3beb8a,261,HAC,Hotel Amenity Code,High speed wireless,2006-08-07T00:00:00.000Z,false,
65dc387e77514c3bbd3beb8b,262,HAC,Hotel Amenity Code,Kitchenette,2006-08-07T00:00:00.000Z,false,
65dc387e77514c3bbd3beb8c,263,HAC,Hotel Amenity Code,Private bath or shower,2006-08-07T00:00:00.000Z,false,
65dc387e77514c3bbd3beb8d,264,HAC,Hotel Amenity Code,Fire safety compliant,2006-09-14T00:00:00.000Z,false,
65dc387e77514c3bbd3beb8e,265,HAC,Hotel Amenity Code,Welcome drink,2006-11-14T00:00:00.000Z,false,
65dc387e77514c3bbd3beb8f,266,HAC,Hotel Amenity Code,Boarding pass print-out available,2006-11-17T00:00:00.000Z,false,
65dc387e77514c3bbd3beb90,267,HAC,Hotel Amenity Code,Printing services available,2007-03-23T00:00:00.000Z,false,
65dc387e77514c3bbd3beb91,268,HAC,Hotel Amenity Code,All public areas non-smoking,2007-08-22T00:00:00.000Z,false,
65dc387e77514c3bbd3beb92,269,HAC,Hotel Amenity Code,Meeting rooms,2008-03-17T00:00:00.000Z,false,
65dc387e77514c3bbd3beb93,275,HAC,Hotel Amenity Code,Great room,2008-07-21T00:00:00.000Z,false,
65dc387e77514c3bbd3beb94,276,HAC,Hotel Amenity Code,Lobby,2008-07-21T00:00:00.000Z,false,
65dc387e77514c3bbd3beb95,277,HAC,Hotel Amenity Code,Multiple phone lines billed separately,2008-08-21T00:00:00.000Z,false,
65dc387e77514c3bbd3beb96,278,HAC,Hotel Amenity Code,Umbrellas,2009-08-19T00:00:00.000Z,false,
65dc387e77514c3bbd3beb97,279,HAC,Hotel Amenity Code,Gas station,2009-09-17T00:00:00.000Z,false,
65dc387e77514c3bbd3beb98,280,HAC,Hotel Amenity Code,Grocery store,2009-09-17T00:00:00.000Z,false,
65dc387e77514c3bbd3beb99,281,HAC,Hotel Amenity Code,24-hour coffee shop,2010-04-02T00:00:00.000Z,false,
65dc387e77514c3bbd3beb9a,282,HAC,Hotel Amenity Code,Airport shuttle service,2010-04-02T00:00:00.000Z,false,
65dc387e77514c3bbd3beb9b,283,HAC,Hotel Amenity Code,Luggage service,2010-04-02T00:00:00.000Z,false,
65dc387e77514c3bbd3beb9c,284,HAC,Hotel Amenity Code,Piano Bar,2010-04-02T00:00:00.000Z,false,
65dc387e77514c3bbd3beb9d,285,HAC,Hotel Amenity Code,VIP security,2010-04-02T00:00:00.000Z,false,
65dc387e77514c3bbd3beb9e,286,HAC,Hotel Amenity Code,Complimentary wireless internet,2010-05-18T00:00:00.000Z,false,
65dc387e77514c3bbd3beb9f,287,HAC,Hotel Amenity Code,Concierge breakfast,2010-11-05T00:00:00.000Z,false,
65dc387e77514c3bbd3beba0,288,HAC,Hotel Amenity Code,Same gender floor,2011-05-09T00:00:00.000Z,false,
65dc387e77514c3bbd3beba1,289,HAC,Hotel Amenity Code,Children programs,2011-05-27T00:00:00.000Z,false,
65dc387e77514c3bbd3beba7,290,HAC,Hotel Amenity Code,"Building meets local, state and country building codes",2011-05-27T00:00:00.000Z,false,
65dc387e77514c3bbd3beba8,291,HAC,Hotel Amenity Code,Internet browser On TV,2011-05-27T00:00:00.000Z,false,
65dc387e77514c3bbd3beba9,292,HAC,Hotel Amenity Code,Newspaper,2011-05-27T00:00:00.000Z,false,
65dc387e77514c3bbd3bebaa,293,HAC,Hotel Amenity Code,Parking - controlled access gates to enter parking area,2011-05-27T00:00:00.000Z,false,
65dc387e77514c3bbd3bebab,294,HAC,Hotel Amenity Code,Hotel safe deposit box (not room safe box),2011-05-27T00:00:00.000Z,false,
65dc387e77514c3bbd3bebac,295,HAC,Hotel Amenity Code,Storage space available – fee,2011-05-27T00:00:00.000Z,false,
65dc387e77514c3bbd3bebad,296,HAC,Hotel Amenity Code,Type of entrances to guest rooms,2011-05-27T00:00:00.000Z,false,
65dc387e77514c3bbd3bebae,297,HAC,Hotel Amenity Code,Beverage/cocktail,2011-05-27T00:00:00.000Z,false,
65dc387e77514c3bbd3bebaf,298,HAC,Hotel Amenity Code,Cell phone rental,2011-05-27T00:00:00.000Z,false,
65dc387e77514c3bbd3bebb0,299,HAC,Hotel Amenity Code,Coffee/tea,2011-05-27T00:00:00.000Z,false,
65dc387e77514c3bbd3bebb1,300,HAC,Hotel Amenity Code,Early check in guarantee,2011-05-27T00:00:00.000Z,false,
65dc387e77514c3bbd3bebb2,301,HAC,Hotel Amenity Code,Food and beverage discount,2011-05-27T00:00:00.000Z,false,
65dc387e77514c3bbd3bebb3,302,HAC,Hotel Amenity Code,Late check out guarantee,2011-05-27T00:00:00.000Z,false,
65dc387e77514c3bbd3bebb4,303,HAC,Hotel Amenity Code,Room upgrade confirmed,2011-05-27T00:00:00.000Z,false,
65dc387e77514c3bbd3bebb5,304,HAC,Hotel Amenity Code,Room upgrade on availability,2011-05-27T00:00:00.000Z,false,
65dc387e77514c3bbd3bebb6,305,HAC,Hotel Amenity Code,Shuttle to local businesses,2011-05-27T00:00:00.000Z,false,
65dc387e77514c3bbd3bebb7,306,HAC,Hotel Amenity Code,Shuttle to local attractions,2011-05-27T00:00:00.000Z,false,
65dc387e77514c3bbd3bebb8,307,HAC,Hotel Amenity Code,Social hour,2011-05-27T00:00:00.000Z,false,
65dc387e77514c3bbd3bebb9,308,HAC,Hotel Amenity Code,Video billing,2011-05-27T00:00:00.000Z,false,
65dc387e77514c3bbd3bebba,309,HAC,Hotel Amenity Code,Welcome gift,2011-05-27T00:00:00.000Z,false,
65dc387e77514c3bbd3bebbb,310,HAC,Hotel Amenity Code,Hypoallergenic rooms,2011-05-27T00:00:00.000Z,false,
65dc387e77514c3bbd3bebbc,311,HAC,Hotel Amenity Code,Room air filtration,2011-05-27T00:00:00.000Z,false,
65dc387e77514c3bbd3bebbd,312,HAC,Hotel Amenity Code,Smoke-free property,2011-05-27T00:00:00.000Z,false,
65dc387e77514c3bbd3bebbe,313,HAC,Hotel Amenity Code,Water purification system in use,2011-05-27T00:00:00.000Z,false,
65dc387e77514c3bbd3bebbf,314,HAC,Hotel Amenity Code,Poolside service,2011-05-27T00:00:00.000Z,false,
65dc387e77514c3bbd3bebc0,315,HAC,Hotel Amenity Code,Clothing store,2011-05-27T00:00:00.000Z,false,
65dc387e77514c3bbd3bebc1,316,HAC,Hotel Amenity Code,Electric car charging stations,2011-09-14T00:00:00.000Z,false,
65dc387e77514c3bbd3bebc2,317,HAC,Hotel Amenity Code,Office rental,2011-12-06T00:00:00.000Z,false,
65dc387e77514c3bbd3bebc3,318,HAC,Hotel Amenity Code,Piano,2011-12-06T00:00:00.000Z,false,
65dc387e77514c3bbd3bebc4,319,HAC,Hotel Amenity Code,Incoming fax,2011-12-06T00:00:00.000Z,false,
65dc387e77514c3bbd3bebc5,320,HAC,Hotel Amenity Code,Outgoing fax,2011-12-06T00:00:00.000Z,false,
65dc387e77514c3bbd3bebc6,321,HAC,Hotel Amenity Code,Semi-private space,2011-12-06T00:00:00.000Z,false,
65dc387e77514c3bbd3bebc7,322,HAC,Hotel Amenity Code,Loading dock,2011-12-06T00:00:00.000Z,false,
65dc387e77514c3bbd3bebc8,323,HAC,Hotel Amenity Code,Baby kit,2012-07-16T00:00:00.000Z,false,
65dc387e77514c3bbd3bebcd,324,HAC,Hotel Amenity Code,Children's breakfast,2012-07-16T00:00:00.000Z,false,
65dc387e77514c3bbd3bebce,325,HAC,Hotel Amenity Code,Cloakroom service,2012-07-16T00:00:00.000Z,false,
65dc387e77514c3bbd3bebcf,326,HAC,Hotel Amenity Code,Coffee lounge,2012-07-16T00:00:00.000Z,false,
65dc387e77514c3bbd3bebd0,327,HAC,Hotel Amenity Code,Events ticket service,2012-07-16T00:00:00.000Z,false,
65dc387e77514c3bbd3bebd1,328,HAC,Hotel Amenity Code,Late check-in,2012-07-16T00:00:00.000Z,false,
65dc387e77514c3bbd3bebd2,329,HAC,Hotel Amenity Code,Limited parking,2012-07-16T00:00:00.000Z,false,
65dc387e77514c3bbd3bebd3,330,HAC,Hotel Amenity Code,Outdoor summer bar/café,2012-07-16T00:00:00.000Z,false,
65dc387e77514c3bbd3bebd4,331,HAC,Hotel Amenity Code,No parking available,2012-07-16T00:00:00.000Z,false,
65dc387e77514c3bbd3bebd5,332,HAC,Hotel Amenity Code,Beer garden,2012-07-16T00:00:00.000Z,false,
65dc387e77514c3bbd3bebd6,333,HAC,Hotel Amenity Code,Garden lounge bar,2012-07-16T00:00:00.000Z,false,
65dc387e77514c3bbd3bebd7,334,HAC,Hotel Amenity Code,Summer terrace,2012-07-16T00:00:00.000Z,false,
65dc387e77514c3bbd3bebd8,335,HAC,Hotel Amenity Code,Winter terrace,2012-07-16T00:00:00.000Z,false,
65dc387e77514c3bbd3bebd9,336,HAC,Hotel Amenity Code,Roof terrace,2012-07-16T00:00:00.000Z,false,
65dc387e77514c3bbd3bebda,337,HAC,Hotel Amenity Code,Beach bar,2012-07-16T00:00:00.000Z,false,
65dc387e77514c3bbd3bebdb,338,HAC,Hotel Amenity Code,Helicopter service,2012-07-16T00:00:00.000Z,false,
65dc387e77514c3bbd3bebdc,339,HAC,Hotel Amenity Code,Ferry,2012-07-16T00:00:00.000Z,false,
65dc387e77514c3bbd3bebdd,340,HAC,Hotel Amenity Code,Tapas bar,2012-07-16T00:00:00.000Z,false,
65dc387e77514c3bbd3bebde,341,HAC,Hotel Amenity Code,Café bar,2012-07-16T00:00:00.000Z,false,
65dc387e77514c3bbd3bebdf,342,HAC,Hotel Amenity Code,Snack bar,2012-07-16T00:00:00.000Z,false,
65dc387e77514c3bbd3bebe0,343,HAC,Hotel Amenity Code,Guestroom wired internet,2015-02-03T00:00:00.000Z,false,
65dc387e77514c3bbd3bebe1,344,HAC,Hotel Amenity Code,Guestroom wireless internet,2015-02-03T00:00:00.000Z,false,
65dc387e77514c3bbd3bebe2,345,HAC,Hotel Amenity Code,Fitness center,2015-02-03T00:00:00.000Z,false,
65dc387e77514c3bbd3bebe3,346,HAC,Hotel Amenity Code,Alcoholic beverages,2015-03-09T00:00:00.000Z,false,
65dc387e77514c3bbd3bebe4,347,HAC,Hotel Amenity Code,Non-alcoholic beverages,2015-03-09T00:00:00.000Z,false,
65dc387e77514c3bbd3bebe5,348,HAC,Hotel Amenity Code,Health and beauty services,2015-03-09T00:00:00.000Z,false,
65dc387e77514c3bbd3bebe6,349,HAC,Hotel Amenity Code,Mobile/Digital Check-in,2019-10-22T00:00:00.000Z,false,
65dc387e77514c3bbd3bebe7,350,HAC,Hotel Amenity Code,Mobile/Digital Check-out,2019-10-22T00:00:00.000Z,false,
65dc387e77514c3bbd3bebe8,351,HAC,Hotel Amenity Code,Choose a room,2019-10-22T00:00:00.000Z,false,
65dc387e77514c3bbd3bebe9,352,HAC,Hotel Amenity Code,Enhanced Hygiene/Cleanliness Protocols,2020-06-29T00:00:00.000Z,false,
65dc387e77514c3bbd3bebea,353,HAC,Hotel Amenity Code,Cleanliness Certification,2020-10-25T00:00:00.000Z,false,
65dc387e77514c3bbd3bebeb,354,HAC,Hotel Amenity Code,Contactless payment available during check in/out,2020-10-25T00:00:00.000Z,false,
65dc387e77514c3bbd3bebec,355,HAC,Hotel Amenity Code,Wrapped disposable or metal straws,2020-10-25T00:00:00.000Z,false,
65dc387e77514c3bbd3bebed,356,HAC,Hotel Amenity Code,Individually sealed disposable utensils available,2020-10-25T00:00:00.000Z,false,
65dc387e77514c3bbd3bebee,357,HAC,Hotel Amenity Code,Individually packaged food options,2021-02-26T00:00:00.000Z,false,"Fixed typo in ""packaged"""
65dc387e77514c3bbd3bebef,358,HAC,Hotel Amenity Code,Additional cleaning services,2020-10-25T00:00:00.000Z,false,
65dc387e77514c3bbd3bebf0,359,HAC,Hotel Amenity Code,Contactless in-room dining,2020-10-25T00:00:00.000Z,false,
65dc387e77514c3bbd3bebf1,360,HAC,Hotel Amenity Code,Hotel staff allowed to enter a hotel room once a guest has checked in,2020-10-25T00:00:00.000Z,false,
65dc387e77514c3bbd3bebf2,361,HAC,Hotel Amenity Code,Staff's access to guest rooms subject to the guest's authorization,2020-10-25T00:00:00.000Z,false,
65dc387e77514c3bbd3bebf3,362,HAC,Hotel Amenity Code,Buffets or plated meals served only by employees/attendants,2020-10-25T00:00:00.000Z,false,
65dc387e77514c3bbd3bebf4,363,HAC,Hotel Amenity Code,Pre-packaged breakfast items,2020-10-25T00:00:00.000Z,false,
65dc387e77514c3bbd3bebf5,364,HAC,Hotel Amenity Code,Non-touch operations available in public bathrooms,2020-10-25T00:00:00.000Z,false,
65dc387e77514c3bbd3bebf6,365,HAC,Hotel Amenity Code,Measures are in place to avoid guests handling food at buffets,2020-10-25T00:00:00.000Z,false,
65dc387e77514c3bbd3bebf7,366,HAC,Hotel Amenity Code,Self-service food utensils replaced frequently,2020-10-25T00:00:00.000Z,false,
65dc387e77514c3bbd3bebf8,367,HAC,Hotel Amenity Code,Luggage stored per group of guests,2020-10-25T00:00:00.000Z,false,
65dc387e77514c3bbd3bebf9,368,HAC,Hotel Amenity Code,Non-shareable food and beverage menus provided,2020-10-25T00:00:00.000Z,false,
65dc387e77514c3bbd3bebfa,369,HAC,Hotel Amenity Code,Housekeeping by request,2020-12-18T00:00:00.000Z,false,
65dc387e77514c3bbd3bebfb,370,HAC,Hotel Amenity Code,Controlled occupancy in elevators/lifts,2021-02-26T00:00:00.000Z,false,Adding “/lifts” for European terminology
65dc387e77514c3bbd3bebfc,371,HAC,Hotel Amenity Code,Property air purification system,2020-12-18T00:00:00.000Z,false,
65dc387e77514c3bbd3bebfd,372,HAC,Hotel Amenity Code,Allergy friendly rooms,2020-12-18T00:00:00.000Z,false,
65dc387e77514c3bbd3bebfe,373,HAC,Hotel Amenity Code,Medical grade air purification system,2020-12-18T00:00:00.000Z,false,
65dc387e77514c3bbd3bebff,374,HAC,Hotel Amenity Code,Testing and tracing policies,2020-12-18T00:00:00.000Z,false,
65dc387e77514c3bbd3bec00,375,HAC,Hotel Amenity Code,AHLA Safe Stay compliant,2021-02-26T00:00:00.000Z,false,
65dc387e77514c3bbd3bec01,376,HAC,Hotel Amenity Code,Covered parking,2021-09-08T00:00:00.000Z,false,
65dc387e77514c3bbd3bec02,377,HAC,Hotel Amenity Code,Uncovered parking,2021-09-08T00:00:00.000Z,false,
65dc387e77514c3bbd3bec03,378,HAC,Hotel Amenity Code,Light breakfast,2022-03-24T00:00:00.000Z,false,Limited breakfast selection
65dc387e77514c3bbd3bec0c,379,HAC,Hotel Amenity Code,Complimentary light breakfast,2022-03-24T00:00:00.000Z,false,Free limited breakfast selection
65dc387e77514c3bbd3bec0d,380,HAC,Hotel Amenity Code,Streaming services provided,2022-11-07T00:00:00.000Z,false,
65dc387e77514c3bbd3bec0e,381,HAC,Hotel Amenity Code,Prayer room,2023-01-09T00:00:00.000Z,false,
65dc387e77514c3bbd3bec0f,382,HAC,Hotel Amenity Code,Private beach,2023-01-09T00:00:00.000Z,false,
65dc387e77514c3bbd3bec10,383,HAC,Hotel Amenity Code,Mobile network coverage,2023-01-09T00:00:00.000Z,false,
65dc387e77514c3bbd3bec11,384,HAC,Hotel Amenity Code,Smoking area,2023-01-09T00:00:00.000Z,false,
65dc387e77514c3bbd3bec12,385,HAC,Hotel Amenity Code,Café,2023-01-09T00:00:00.000Z,false,
65dc387e77514c3bbd3bec13,386,HAC,Hotel Amenity Code,Walking tour,2023-01-09T00:00:00.000Z,false,
65dc387e77514c3bbd3bec14,387,HAC,Hotel Amenity Code,Stroller rental,2023-01-09T00:00:00.000Z,false,
65dc387e77514c3bbd3bec18,388,HAC,Hotel Amenity Code,Vegetable/spice garden,2023-01-09T00:00:00.000Z,false,
65dc387e77514c3bbd3bec19,389,HAC,Hotel Amenity Code,Board games,2023-01-09T00:00:00.000Z,false,
65dc387e77514c3bbd3bec1a,390,HAC,Hotel Amenity Code,LED lighting makes up for at least 80% of the property’s guest and public room lighting,2023-07-17T00:00:00.000Z,false,
65dc387e77514c3bbd3bec1b,391,HAC,Hotel Amenity Code,Property's electricity is 100% renewable,2023-07-17T00:00:00.000Z,false,
65dc387e77514c3bbd3bec1c,392,HAC,Hotel Amenity Code,Property has a food waste program,2023-07-17T00:00:00.000Z,false,"The program may include education, food waste prevention, reduction, recycling, and disposal."
65dc387e77514c3bbd3bec1d,393,HAC,Hotel Amenity Code,At least 80% of food is sourced from property’s local region (e.g. within 50km from property location),2023-07-17T00:00:00.000Z,false,
65dc387e77514c3bbd3bec1e,394,HAC,Hotel Amenity Code,Single-use plastic water bottles are not offered,2023-07-17T00:00:00.000Z,false,
65dc387e77514c3bbd3bec1f,395,HAC,Hotel Amenity Code,The property has installed water refill stations and encourages guests to use these instead of single-use plastic water bottles,2023-07-17T00:00:00.000Z,false,
65dc387e77514c3bbd3bec20,396,HAC,Hotel Amenity Code,Single-use plastic soda bottles are not offered,2023-07-17T00:00:00.000Z,false,
65dc387e77514c3bbd3bec21,397,HAC,Hotel Amenity Code,The property has reusable tableware (replacing single-use),2023-07-17T00:00:00.000Z,false,
65dc387e77514c3bbd3bec22,398,HAC,Hotel Amenity Code,The property has reusable cups (replacing single-use),2023-07-17T00:00:00.000Z,false,
65dc387e77514c3bbd3bec23,399,HAC,Hotel Amenity Code,Single-use plastic straws are not offered,2023-07-17T00:00:00.000Z,false,
65dc387e77514c3bbd3bec24,400,HAC,Hotel Amenity Code,Single-use plastic stirrers are not offered,2023-07-17T00:00:00.000Z,false,
65dc387e77514c3bbd3bec25,401,HAC,Hotel Amenity Code,"Property has a recycling plan in place (e.g. in guest rooms, common areas, kitchen) for at least four waste types (glass, paper, plastic, organic)",2023-07-17T00:00:00.000Z,false,
65dc387e77514c3bbd3bec26,402,HAC,Hotel Amenity Code,"Property only uses water-efficient toilets (e.g. low-flow toilets, dual flush toilets)",2023-07-17T00:00:00.000Z,false,
65dc387e77514c3bbd3bec27,403,HAC,Hotel Amenity Code,"Property only uses water-efficient showers (e.g. smart showers, low flow shower heads)",2023-07-17T00:00:00.000Z,false,
65dc387e77514c3bbd3bec28,404,HAC,Hotel Amenity Code,"Wild (non-domesticated) animals are not displayed/interacted with while captive on the property or harvested, consumed, or sold",2023-07-17T00:00:00.000Z,false,
65dc387e77514c3bbd3bec29,405,HAC,Hotel Amenity Code,The property compensates for at least 10% of total annual carbon emissions by purchasing certified carbon offsets,2023-07-17T00:00:00.000Z,false,
65dc387e77514c3bbd3bec2a,406,HAC,Hotel Amenity Code,80% of the food products offered by the property is organic,2023-07-17T00:00:00.000Z,false,
65dc387e77514c3bbd3bec2b,407,HAC,Hotel Amenity Code,Green spaces such as gardens/rooftop gardens on the property,2023-07-17T00:00:00.000Z,false,
65dc387e77514c3bbd3bec2c,408,HAC,Hotel Amenity Code,Property offers bicycle parking,2023-07-17T00:00:00.000Z,false,
65dc387e77514c3bbd3bec2d,409,HAC,Hotel Amenity Code,Local artists are offered a platform to display their talents,2023-07-17T00:00:00.000Z,false,
65dc387e77514c3bbd3bec2e,410,HAC,Hotel Amenity Code,Property invests 10% of it’s revenue back into the community or in local sustainability projects,2023-07-17T00:00:00.000Z,false,
65dc387e77514c3bbd3bec2f,411,HAC,Hotel Amenity Code,"Property provides guests with information regarding local ecosystems, heritage and culture, as well as visitor etiquette",2023-07-17T00:00:00.000Z,false,
65dc387e77514c3bbd3bec30,412,HAC,Hotel Amenity Code,Guests are offered tours and activities organised by local guides and businesses,2023-07-17T00:00:00.000Z,false,
